Type,Subtype,Subset,Filter,Genotype,QQ.Field,QQ,METRIC.Recall,METRIC.Precision,METRIC.Frac_NA,METRIC.F1_Score,TRUTH.TOTAL,TRUTH.TP,TRUTH.FN,QUERY.TOTAL,QUERY.TP,QUERY.FP,QUERY.UNK,FP.gt,FP.al,TRUTH.TOTAL.TiTv_ratio,TRUTH.TOTAL.het_hom_ratio,TRUTH.FN.TiTv_ratio,TRUTH.FN.het_hom_ratio,TRUTH.TP.TiTv_ratio,TRUTH.TP.het_hom_ratio,QUERY.FP.TiTv_ratio,QUERY.FP.het_hom_ratio,QUERY.TP.TiTv_ratio,QUERY.TOTAL.TiTv_ratio,QUERY.TOTAL.het_hom_ratio,QUERY.TP.het_hom_ratio,QUERY.UNK.TiTv_ratio,QUERY.UNK.het_hom_ratio
SNP,*,*,PASS,*,QUAL,0.000000,0.967868,0.989402,0.213912,0.978516,3191551,3089000,102551,3972452,3089602,33095,849755,933,1944,2.112061,1.527949,1.929649,1.655882,2.118507,1.523912,1.267917,19.451114,2.118113,2.004147,1.706408,1.523864,1.681906,2.512424
SNP,*,*,PASS,*,QUAL,3.010000,0.967868,0.989402,0.213912,0.978516,3191551,3089000,102551,3972451,3089602,33095,849754,933,1944,2.112061,,1.929649,,2.118507,,1.268004,,2.118113,2.004147,,,1.681903,
SNP,*,*,PASS,*,QUAL,3.520000,0.967859,0.989507,0.213433,0.978564,3191551,3088972,102579,3969558,3089561,32761,847236,933,1916,2.112061,,1.929779,,2.118504,,1.267247,,2.11811,2.004572,,,1.682384,
SNP,*,*,PASS,*,QUAL,4.030000,0.967852,0.9896,0.213013,0.978605,3191551,3088949,102602,3967023,3089524,32470,845029,931,1887,2.112061,,1.929683,,2.118509,,1.266244,,2.118123,2.004953,,,1.682811,
SNP,*,*,PASS,*,QUAL,4.540000,0.967844,0.9897,0.212498,0.97865,3191551,3088924,102627,3963973,3089483,32153,842337,930,1868,2.112061,,1.929978,,2.118499,,1.268019,,2.118116,2.005554,,,1.683781,
SNP,*,*,PASS,*,QUAL,5.050000,0.967836,0.989789,0.211902,0.97869,3191551,3088899,102652,3960556,3089435,31872,839249,929,1842,2.112061,,1.930023,,2.118499,,1.266586,,2.118121,2.00619,,,1.684922,
SNP,*,*,PASS,*,QUAL,5.560000,0.967823,0.989875,0.2115,0.978725,3191551,3088856,102695,3958119,3089379,31599,837141,928,1826,2.112061,,1.930246,,2.118494,,1.265631,,2.118115,2.006531,,,1.685303,
SNP,*,*,PASS,*,QUAL,6.070000,0.967814,0.98995,0.211027,0.978757,3191551,3088827,102724,3955380,3089328,31362,834690,928,1803,2.112061,,1.930154,,2.118499,,1.264551,,2.118133,2.007102,,,1.686411,
SNP,*,*,PASS,*,QUAL,6.580000,0.967804,0.990017,0.210568,0.978785,3191551,3088795,102756,3952746,3089276,31150,832320,927,1777,2.112061,,1.930064,,2.118504,,1.266662,,2.11814,2.007687,,,1.687486,
SNP,*,*,PASS,*,QUAL,7.090000,0.967796,0.990088,0.210245,0.978815,3191551,3088769,102782,3950796,3089235,30927,830634,926,1765,2.112061,,1.930221,,2.1185,,1.266525,,2.118136,2.007975,,,1.687807,
SNP,*,*,PASS,*,QUAL,7.600000,0.967788,0.990153,0.209857,0.978843,3191551,3088745,102806,3948553,3089200,30721,828632,926,1742,2.112061,,1.930237,,2.118501,,1.268383,,2.118133,2.008381,,,1.688384,
SNP,*,*,PASS,*,QUAL,8.100000,0.967784,0.990216,0.209496,0.978872,3191551,3088731,102820,3946460,3089172,30522,826766,926,1731,2.112061,,1.930218,,2.118503,,1.267156,,2.118142,2.008723,,,1.688895,
SNP,*,*,PASS,*,QUAL,8.610000,0.967778,0.990273,0.209173,0.978896,3191551,3088714,102837,3944576,3089132,30344,825100,926,1715,2.112061,,1.930535,,2.118492,,1.265886,,2.11813,2.009007,,,1.689336,
SNP,*,*,PASS,*,QUAL,9.120000,0.967771,0.990334,0.208798,0.978923,3191551,3088691,102860,3942416,3089097,30151,823168,925,1700,2.112061,,1.930439,,2.118497,,1.266196,,2.118139,2.009428,,,1.690053,
SNP,*,*,PASS,*,QUAL,9.630000,0.967766,0.990391,0.208524,0.978948,3191551,3088675,102876,3940794,3089075,29970,821749,925,1690,2.112061,,1.930728,,2.118487,,1.266903,,2.118126,2.009697,,,1.690418,
SNP,*,*,PASS,*,QUAL,10.140000,0.967761,0.990445,0.208171,0.978971,3191551,3088657,102894,3938777,3089035,29802,819940,922,1672,2.112061,,1.930656,,2.118491,,1.267229,,2.118142,2.010112,,,1.691161,
SNP,*,*,PASS,*,QUAL,10.650000,0.967755,0.990491,0.207877,0.978991,3191551,3088638,102913,3937094,3089007,29654,818433,920,1657,2.112061,,1.930947,,2.118481,,1.266835,,2.118136,2.010392,,,1.691613,
SNP,*,*,PASS,*,QUAL,11.160000,0.967742,0.990536,0.207567,0.979006,3191551,3088597,102954,3935301,3088950,29513,816838,919,1648,2.112061,,1.930946,,2.118484,,1.2668,,2.118142,2.010635,,,1.691843,
SNP,*,*,PASS,*,QUAL,11.670000,0.967733,0.990591,0.207239,0.979029,3191551,3088570,102981,3933407,3088913,29340,815154,918,1637,2.112061,,1.931214,,2.118476,,1.268144,,2.118142,2.011031,,,1.692552,
SNP,*,*,PASS,*,QUAL,12.180000,0.967726,0.990645,0.206981,0.979052,3191551,3088548,103003,3931871,3088878,29169,813824,918,1624,2.112061,,1.93134,,2.118472,,1.266843,,2.118141,2.011206,,,1.692668,
SNP,*,*,PASS,*,QUAL,12.690000,0.967719,0.990702,0.206634,0.979075,3191551,3088523,103028,3929857,3088824,28991,812042,918,1606,2.112061,,1.93155,,2.118466,,1.266396,,2.118137,2.011497,,,1.693036,
SNP,*,*,PASS,*,QUAL,13.200000,0.967714,0.990739,0.20639,0.979091,3191551,3088509,103042,3928468,3088800,28873,810795,918,1602,2.112061,,1.931865,,2.118455,,1.266839,,2.118119,2.011706,,,1.693321,
SNP,*,*,PASS,*,QUAL,13.710000,0.967703,0.990792,0.206052,0.979112,3191551,3088473,103078,3926513,3088744,28704,809065,918,1584,2.112061,,1.932055,,2.11845,,1.26664,,2.118126,2.012114,,,1.694131,
SNP,*,*,PASS,*,QUAL,14.220000,0.967697,0.990833,0.205814,0.979128,3191551,3088453,103098,3925143,3088715,28577,807851,918,1572,2.112061,,1.932457,,2.118436,,1.265996,,2.118112,2.012299,,,1.69437,
SNP,*,*,PASS,*,QUAL,14.730000,0.967687,0.990882,0.205488,0.979147,3191551,3088421,103130,3923274,3088667,28423,806184,916,1562,2.112061,,1.9327,,2.118429,,1.267007,,2.118108,2.012651,,,1.69497,
SNP,*,*,PASS,*,QUAL,15.240000,0.967679,0.990925,0.205263,0.979164,3191551,3088397,103154,3921957,3088637,28287,805033,915,1552,2.112061,,1.932882,,2.118424,,1.268097,,2.118099,2.01288,,,1.695294,
SNP,*,*,PASS,*,QUAL,15.750000,0.967671,0.990967,0.204955,0.979181,3191551,3088372,103179,3920216,3088597,28153,803466,914,1540,2.112061,,1.932926,,2.118424,,1.269544,,2.1181,2.013075,,,1.695299,
SNP,*,*,PASS,*,QUAL,16.260000,0.967662,0.991007,0.204709,0.979195,3191551,3088342,103209,3918793,3088551,28028,802214,914,1534,2.112061,,1.933028,,2.118422,,1.270631,,2.118098,2.01328,,,1.695494,
SNP,*,*,PASS,*,QUAL,16.770000,0.967651,0.991057,0.204426,0.979214,3191551,3088309,103242,3917136,3088502,27871,800763,914,1521,2.112061,,1.933049,,2.118423,,1.27042,,2.118105,2.013624,,,1.696162,
SNP,*,*,PASS,*,QUAL,17.280001,0.967643,0.991091,0.204176,0.979227,3191551,3088281,103270,3915722,3088463,27762,799497,914,1515,2.112061,,1.933345,,2.118414,,1.270893,,2.118081,2.01382,,,1.696424,
SNP,*,*,PASS,*,QUAL,17.790001,0.967635,0.991136,0.203889,0.979244,3191551,3088257,103294,3914073,3088415,27622,798036,913,1502,2.112061,,1.933443,,2.118411,,1.2716,,2.118074,2.014087,,,1.696804,
SNP,*,*,PASS,*,QUAL,18.299999,0.967626,0.991175,0.203639,0.979259,3191551,3088228,103323,3912637,3088371,27499,796767,913,1496,2.112061,,1.933683,,2.118404,,1.271572,,2.118067,2.014285,,,1.697036,
SNP,*,*,PASS,*,QUAL,18.809999,0.967616,0.991222,0.203341,0.979277,3191551,3088197,103354,3910916,3088319,27348,795249,912,1485,2.112061,,1.933897,,2.118398,,1.27186,,2.118068,2.014506,,,1.697202,
SNP,*,*,PASS,*,QUAL,19.320000,0.967609,0.99126,0.203088,0.979292,3191551,3088173,103378,3909481,3088283,27230,793968,911,1480,2.112061,,1.934329,,2.118383,,1.272818,,2.11805,2.014625,,,1.697102,
SNP,*,*,PASS,*,QUAL,19.830000,0.967597,0.991303,0.202814,0.979307,3191551,3088135,103416,3907903,3088232,27094,792577,911,1473,2.112061,,1.934324,,2.118386,,1.273802,,2.118053,2.014879,,,1.697425,
SNP,*,*,PASS,*,QUAL,20.340000,0.967588,0.991335,0.202553,0.979317,3191551,3088106,103445,3906447,3088190,26994,791263,911,1468,2.112061,,1.934315,,2.118388,,1.273806,,2.11806,2.015114,,,1.697764,
SNP,*,*,PASS,*,QUAL,20.850000,0.967577,0.991376,0.202304,0.979332,3191551,3088072,103479,3905002,3088141,26864,789997,910,1459,2.112061,,1.934335,,2.118389,,1.274157,,2.118067,2.015401,,,1.698283,
SNP,*,*,PASS,*,QUAL,21.360001,0.967568,0.991413,0.202027,0.979345,3191551,3088042,103509,3903441,3088094,26747,788600,910,1450,2.112061,,1.934299,,2.118393,,1.275036,,2.118077,2.015617,,,1.698451,
SNP,*,*,PASS,*,QUAL,21.870001,0.967556,0.991454,0.201772,0.979359,3191551,3088005,103546,3901967,3088041,26619,787307,910,1438,2.112061,,1.934599,,2.118384,,1.275373,,2.11808,2.015783,,,1.698496,
SNP,*,*,PASS,*,QUAL,22.379999,0.967547,0.991491,0.201491,0.979372,3191551,3087974,103577,3900380,3087988,26502,785890,908,1429,2.112061,,1.93448,,2.11839,,1.276463,,2.118089,2.015989,,,1.698615,
SNP,*,*,PASS,*,QUAL,22.889999,0.967537,0.991529,0.201257,0.979386,3191551,3087943,103608,3899036,3087945,26383,784708,908,1418,2.112061,,1.934776,,2.118381,,1.27582,,2.118074,2.016172,,,1.698875,
SNP,*,*,PASS,*,QUAL,23.400000,0.967523,0.991579,0.200972,0.979403,3191551,3087899,103652,3897377,3087889,26224,783264,908,1409,2.112061,,1.935108,,2.118371,,1.273286,,2.118068,2.016331,,,1.698968,
SNP,*,*,PASS,*,QUAL,23.910000,0.967508,0.991619,0.200739,0.979415,3191551,3087850,103701,3896005,3087827,26097,782081,906,1397,2.112061,,1.934999,,2.118378,,1.27351,,2.118065,2.016532,,,1.699216,
SNP,*,*,PASS,*,QUAL,24.420000,0.967493,0.991657,0.200469,0.979426,3191551,3087802,103749,3894460,3087762,25979,780719,905,1389,2.112061,,1.935278,,2.118371,,1.274126,,2.118063,2.016753,,,1.699471,
SNP,*,*,PASS,*,QUAL,24.930000,0.967484,0.991685,0.200262,0.979435,3191551,3087773,103778,3893290,3087721,25890,779679,905,1386,2.112061,,1.935268,,2.118373,,1.274099,,2.118069,2.016927,,,1.699684,
SNP,*,*,PASS,*,QUAL,25.440001,0.967468,0.991727,0.199954,0.979447,3191551,3087725,103826,3891549,3087662,25758,778129,904,1375,2.112061,,1.93538,,2.118372,,1.27429,,2.118075,2.017124,,,1.69975,
SNP,*,*,PASS,*,QUAL,25.950001,0.967458,0.991764,0.199744,0.97946,3191551,3087690,103861,3890315,3087606,25640,777069,904,1368,2.112061,,1.935374,,2.118374,,1.273106,,2.118069,2.017217,,,1.699698,
SNP,*,*,PASS,*,QUAL,26.459999,0.967445,0.991803,0.199438,0.979473,3191551,3087651,103900,3888605,3087551,25517,775537,902,1355,2.112061,,1.935066,,2.118388,,1.272679,,2.118076,2.017382,,,1.699674,
SNP,*,*,PASS,*,QUAL,26.969999,0.967426,0.991841,0.19921,0.979481,3191551,3087588,103963,3887251,3087474,25399,774378,901,1349,2.112061,,1.935518,,2.118375,,1.272289,,2.118049,2.017622,,,1.700201,
SNP,*,*,PASS,*,QUAL,27.480000,0.967408,0.99188,0.198924,0.979491,3191551,3087533,104018,3885625,3087405,25275,772945,901,1340,2.112061,,1.935579,,2.118376,,1.272491,,2.118045,2.017857,,,1.700499,
SNP,*,*,PASS,*,QUAL,27.990000,0.967399,0.991916,0.198696,0.979504,3191551,3087502,104049,3884322,3087359,25162,771801,901,1334,2.112061,,1.936123,,2.118358,,1.272432,,2.118027,2.018003,,,1.700612,
SNP,*,*,PASS,*,QUAL,28.500000,0.967385,0.991946,0.198403,0.979511,3191551,3087457,104094,3882700,3087295,25066,770339,901,1322,2.112061,,1.936315,,2.118353,,1.272497,,2.118035,2.018208,,,1.700783,
SNP,*,*,PASS,*,QUAL,29.010000,0.967369,0.991981,0.198192,0.979521,3191551,3087409,104142,3881464,3087231,24957,769276,901,1315,2.112061,,1.936593,,2.118346,,1.272802,,2.118027,2.018294,,,1.700641,
SNP,*,*,PASS,*,QUAL,29.520000,0.967358,0.992019,0.197909,0.979533,3191551,3087371,104180,3879873,3087175,24836,767862,901,1310,2.112061,,1.93667,,2.118345,,1.27296,,2.118027,2.018493,,,1.700797,
SNP,*,*,PASS,*,QUAL,30.030001,0.967344,0.992055,0.197693,0.979543,3191551,3087328,104223,3878612,3087111,24725,766776,901,1300,2.112061,,1.937303,,2.118324,,1.273829,,2.118032,2.018716,,,1.701138,
SNP,*,*,PASS,*,QUAL,30.540001,0.96733,0.992085,0.19741,0.979551,3191551,3087282,104269,3877037,3087045,24628,765364,900,1287,2.112061,,1.937854,,2.118305,,1.274437,,2.118013,2.018933,,,1.70143,
SNP,*,*,PASS,*,QUAL,31.049999,0.967315,0.992115,0.197198,0.979558,3191551,3087236,104315,3875827,3086988,24535,764304,900,1278,2.112061,,1.938157,,2.118297,,1.27287,,2.118009,2.019039,,,1.701457,
SNP,*,*,PASS,*,QUAL,31.559999,0.967298,0.992146,0.196926,0.979564,3191551,3087180,104371,3874290,3086905,24437,762948,900,1263,2.112061,,1.93841,,2.118291,,1.273057,,2.118007,2.019318,,,1.701993,
SNP,*,*,PASS,*,QUAL,32.060001,0.967285,0.992185,0.196707,0.979577,3191551,3087141,104410,3873014,3086851,24313,761850,900,1259,2.112061,,1.938019,,2.118308,,1.273788,,2.118018,2.019536,,,1.702277,
SNP,*,*,PASS,*,QUAL,32.570000,0.967271,0.992218,0.19644,0.979586,3191551,3087094,104457,3871517,3086785,24210,760522,900,1252,2.112061,,1.938542,,2.118291,,1.273085,,2.118008,2.019708,,,1.702445,
SNP,*,*,PASS,*,QUAL,33.080002,0.967257,0.992244,0.196217,0.979591,3191551,3087050,104501,3870263,3086726,24127,759410,900,1246,2.112061,,1.938677,,2.118288,,1.273403,,2.118005,2.019858,,,1.702552,
SNP,*,*,PASS,*,QUAL,33.590000,0.967235,0.992277,0.195956,0.979596,3191551,3086981,104570,3868788,3086650,24025,758113,899,1239,2.112061,,1.93913,,2.118275,,1.274076,,2.117998,2.020069,,,1.702823,
SNP,*,*,PASS,*,QUAL,34.099998,0.967221,0.992311,0.195749,0.979605,3191551,3086936,104615,3867588,3086594,23918,757076,899,1235,2.112061,,1.939156,,2.118277,,1.274065,,2.117998,2.020277,,,1.703179,
SNP,*,*,PASS,*,QUAL,34.610001,0.967205,0.992342,0.195497,0.979612,3191551,3086883,104668,3866157,3086516,23819,755822,899,1226,2.112061,,1.939323,,2.118274,,1.276119,,2.117995,2.020475,,,1.703341,
SNP,*,*,PASS,*,QUAL,35.119999,0.967189,0.992373,0.195293,0.979619,3191551,3086833,104718,3864980,3086456,23720,754804,899,1222,2.112061,,1.939654,,2.118265,,1.277538,,2.117978,2.020629,,,1.70348,
SNP,*,*,PASS,*,QUAL,35.630001,0.967171,0.992402,0.195035,0.979624,3191551,3086775,104776,3863528,3086374,23631,753523,899,1217,2.112061,,1.939549,,2.118272,,1.27633,,2.117999,2.020834,,,1.703744,
SNP,*,*,PASS,*,QUAL,36.139999,0.967153,0.992432,0.194821,0.97963,3191551,3086718,104833,3862292,3086302,23534,752456,899,1212,2.112061,,1.939829,,2.118265,,1.275852,,2.117999,2.021035,,,1.704093,
SNP,*,*,PASS,*,QUAL,36.650002,0.967132,0.992466,0.194563,0.979635,3191551,3086652,104899,3860821,3086221,23429,751171,895,1208,2.112061,,1.940525,,2.118242,,1.276263,,2.117977,2.02124,,,1.704402,
SNP,*,*,PASS,*,QUAL,37.160000,0.967114,0.992495,0.194353,0.97964,3191551,3086593,104958,3859614,3086149,23337,750128,895,1206,2.112061,,1.940888,,2.118232,,1.275949,,2.117974,2.021342,,,1.70436,
SNP,*,*,PASS,*,QUAL,37.669998,0.967092,0.992523,0.194121,0.979642,3191551,3086522,105029,3858272,3086052,23247,748973,894,1202,2.112061,,1.941641,,2.118208,,1.276149,,2.117948,2.021424,,,1.704249,
SNP,*,*,PASS,*,QUAL,38.180000,0.967072,0.992552,0.193914,0.979646,3191551,3086460,105091,3857073,3085974,23158,747941,892,1200,2.112061,,1.941949,,2.1182,,1.27804,,2.117934,2.021592,,,1.704422,
SNP,*,*,PASS,*,QUAL,38.689999,0.967051,0.992579,0.193668,0.979649,3191551,3086394,105157,3855669,3085878,23071,746720,892,1196,2.112061,,1.941984,,2.118202,,1.278446,,2.117952,2.021705,,,1.704273,
SNP,*,*,PASS,*,QUAL,39.200001,0.967033,0.99261,0.193458,0.979655,3191551,3086336,105215,3854447,3085798,22975,745674,890,1190,2.112061,,1.941714,,2.118216,,1.278091,,2.117969,2.02187,,,1.704426,
SNP,*,*,PASS,*,QUAL,39.709999,0.967013,0.992636,0.193211,0.979657,3191551,3086270,105281,3853054,3085711,22891,744452,890,1187,2.112061,,1.942572,,2.118187,,1.277993,,2.117934,2.022113,,,1.704999,
SNP,*,*,PASS,*,QUAL,40.220001,0.966988,0.992665,0.19299,0.979658,3191551,3086191,105360,3851772,3085618,22800,743354,889,1178,2.112061,,1.942806,,2.118183,,1.277778,,2.117934,2.022253,,,1.705082,
SNP,*,*,PASS,*,QUAL,40.730000,0.966963,0.992694,0.192753,0.97966,3191551,3086112,105439,3850412,3085524,22709,742179,889,1172,2.112061,,1.943068,,2.118178,,1.275966,,2.117938,2.022341,,,1.704976,
SNP,*,*,PASS,*,QUAL,41.240002,0.966938,0.992721,0.192532,0.97966,3191551,3086033,105518,3849129,3085424,22625,741080,888,1165,2.112061,,1.943794,,2.118155,,1.274972,,2.117896,2.022465,,,1.705165,
SNP,*,*,PASS,*,QUAL,41.750000,0.966915,0.992751,0.192294,0.979663,3191551,3085959,105592,3847765,3085333,22530,739902,888,1158,2.112061,,1.944187,,2.118144,,1.276735,,2.11788,2.022732,,,1.705706,
SNP,*,*,PASS,*,QUAL,42.259998,0.966889,0.992778,0.192067,0.979662,3191551,3085876,105675,3846446,3085225,22445,738776,887,1147,2.112061,,1.944285,,2.118145,,1.276197,,2.117869,2.022935,,,1.706101,
SNP,*,*,PASS,*,QUAL,42.770000,0.966864,0.992807,0.191835,0.979664,3191551,3085797,105754,3845108,3085129,22352,737627,887,1141,2.112061,,1.945091,,2.118119,,1.276925,,2.117857,2.023178,,,1.706591,
SNP,*,*,PASS,*,QUAL,43.279999,0.966841,0.992833,0.191606,0.979665,3191551,3085722,105829,3843798,3085033,22269,736496,887,1135,2.112061,,1.945539,,2.118106,,1.277284,,2.117845,2.023417,,,1.707095,
SNP,*,*,PASS,*,QUAL,43.790001,0.966821,0.992862,0.191395,0.979668,3191551,3085658,105893,3842571,3084943,22179,735449,887,1127,2.112061,,1.946172,,2.118086,,1.277396,,2.117817,2.023562,,,1.707297,
SNP,*,*,PASS,*,QUAL,44.299999,0.966801,0.992886,0.191164,0.97967,3191551,3085595,105956,3841274,3084858,22103,734313,887,1124,2.112061,,1.945958,,2.118097,,1.277778,,2.117822,2.02372,,,1.70741,
SNP,*,*,PASS,*,QUAL,44.810001,0.966778,0.992914,0.19094,0.979671,3191551,3085520,106031,3839969,3084750,22015,733204,885,1118,2.112061,,1.946241,,2.118091,,1.27682,,2.117827,2.023949,,,1.707887,
SNP,*,*,PASS,*,QUAL,45.320000,0.966758,0.992945,0.190707,0.979676,3191551,3085458,106093,3838633,3084661,21918,732054,884,1112,2.112061,,1.946654,,2.118079,,1.276781,,2.117813,2.024052,,,1.707823,
SNP,*,*,PASS,*,QUAL,45.830002,0.966737,0.992966,0.190505,0.979676,3191551,3085389,106162,3837474,3084566,21849,731059,884,1105,2.112061,,1.946961,,2.118071,,1.276472,,2.117804,2.024252,,,1.708257,
SNP,*,*,PASS,*,QUAL,46.340000,0.966712,0.992992,0.190274,0.979676,3191551,3085310,106241,3836154,3084465,21769,729920,882,1100,2.112061,,1.947408,,2.118058,,1.277627,,2.117794,2.024415,,,1.708408,
SNP,*,*,PASS,*,QUAL,46.849998,0.966686,0.993019,0.190063,0.979676,3191551,3085228,106323,3834923,3084362,21683,728878,882,1093,2.112061,,1.947802,,2.118048,,1.279119,,2.117787,2.024643,,,1.70884,
SNP,*,*,PASS,*,QUAL,47.360001,0.966657,0.993039,0.189824,0.97967,3191551,3085136,106415,3833570,3084247,21621,727702,882,1091,2.112061,,1.947982,,2.118046,,1.27931,,2.117784,2.024802,,,1.709003,
SNP,*,*,PASS,*,QUAL,47.869999,0.966633,0.993064,0.189631,0.97967,3191551,3085057,106494,3832440,3084150,21540,726750,882,1089,2.112061,,1.94821,,2.118042,,1.277737,,2.117787,2.024967,,,1.709304,
SNP,*,*,PASS,*,QUAL,48.380001,0.966606,0.993084,0.189369,0.979666,3191551,3084971,106580,3830969,3084025,21479,725465,882,1078,2.112061,,1.948061,,2.118053,,1.277307,,2.11779,2.025069,,,1.70919,
SNP,*,*,PASS,*,QUAL,48.889999,0.96658,0.993108,0.189172,0.979664,3191551,3084889,106662,3829810,3083915,21403,724492,882,1076,2.112061,,1.948291,,2.118049,,1.277943,,2.117764,2.025207,,,1.709381,
SNP,*,*,PASS,*,QUAL,49.400002,0.966549,0.993131,0.188915,0.97966,3191551,3084792,106759,3828345,3083785,21329,723231,882,1071,2.112061,,1.949178,,2.11802,,1.278068,,2.117734,2.025402,,,1.709742,
SNP,*,*,PASS,*,QUAL,49.910000,0.966522,0.993155,0.188735,0.979657,3191551,3084703,106848,3827271,3083678,21254,722339,882,1069,2.112061,,1.950007,,2.117993,,1.277843,,2.117726,2.025553,,,1.709994,
SNP,*,*,PASS,*,QUAL,51.000000,0.966478,0.993177,0.188447,0.979646,3191551,3084564,106987,3825615,3083507,21184,720924,882,1061,2.112061,1.527949,1.950993,1.761878,2.117963,1.520544,1.279867,18.374885,2.117711,2.025756,1.645799,1.519742,1.710206,2.261995
SNP,*,*,PASS,*,QUAL,52.000000,0.96642,0.993225,0.188026,0.979639,3191551,3084379,107172,3823153,3083270,21031,718852,882,1046,2.112061,1.527949,1.951699,1.766415,2.117946,1.520399,1.28058,18.323204,2.117652,2.026088,1.644702,1.519559,1.710826,2.257348
SNP,*,*,PASS,*,QUAL,53.000000,0.966362,0.993266,0.187592,0.97963,3191551,3084195,107356,3820623,3083003,20901,716719,882,1039,2.112061,1.527949,1.952051,1.771094,2.117943,1.520251,1.278594,18.293247,2.117652,2.026332,1.643566,1.519361,1.710992,2.252406
SNP,*,*,PASS,*,QUAL,54.000000,0.966294,0.993309,0.187168,0.979616,3191551,3083978,107573,3818113,3082720,20765,714628,882,1030,2.112061,1.527949,1.952821,1.776553,2.117925,1.520078,1.277924,18.291434,2.117629,2.026642,1.642455,1.519143,1.711474,2.247763
SNP,*,*,PASS,*,QUAL,55.000000,0.966217,0.993354,0.186752,0.979598,3191551,3083732,107819,3815614,3082420,20622,712572,882,1024,2.112061,1.527949,1.953898,1.78276,2.117897,1.519881,1.277227,18.283974,2.117611,2.026877,1.641268,1.518902,1.711626,2.242654
SNP,*,*,PASS,*,QUAL,56.000000,0.966155,0.993397,0.186327,0.979587,3191551,3083534,108017,3813141,3082163,20486,710492,880,1016,2.112061,1.527949,1.953577,1.7878,2.117921,1.519721,1.276792,18.301228,2.117644,2.027163,1.640184,1.518707,1.711812,2.238019
SNP,*,*,PASS,*,QUAL,57.000000,0.966087,0.993442,0.185919,0.979574,3191551,3083316,108235,3810713,3081887,20343,708483,878,1011,2.112061,1.527949,1.955175,1.793355,2.117871,1.519545,1.274554,18.293726,2.117599,2.027386,1.639116,1.518498,1.712083,2.233582
SNP,*,*,PASS,*,QUAL,58.000000,0.96601,0.993482,0.185499,0.979553,3191551,3083069,108482,3808226,3081586,20216,706424,878,998,2.112061,1.527949,1.956752,1.799442,2.117823,1.519351,1.275874,18.282983,2.117537,2.027616,1.637981,1.518269,1.712289,2.228715
SNP,*,*,PASS,*,QUAL,59.000000,0.965937,0.993523,0.185091,0.979536,3191551,3082837,108714,3805803,3081297,20087,704419,877,990,2.112061,1.527949,1.957674,1.805358,2.1178,1.519164,1.276728,18.233205,2.117516,2.027925,1.636883,1.518041,1.712742,2.224106
SNP,*,*,PASS,*,QUAL,60.000000,0.965861,0.993564,0.184675,0.979516,3191551,3082594,108957,3803324,3080986,19959,702379,877,982,2.112061,1.527949,1.959454,1.811195,2.117743,1.518978,1.27434,18.221042,2.117455,2.028118,1.635777,1.517812,1.712943,2.219433
SNP,*,*,PASS,*,QUAL,61.000000,0.965796,0.9936,0.184263,0.9795,3191551,3082386,109165,3800927,3080711,19844,700372,876,974,2.112061,1.527949,1.96052,1.816371,2.117712,1.518813,1.274714,18.165537,2.117402,2.028391,1.634701,1.517602,1.71338,2.214798
SNP,*,*,PASS,*,QUAL,62.000000,0.965714,0.99364,0.183863,0.979478,3191551,3082127,109424,3798478,3080361,19717,698400,875,967,2.112061,1.527949,1.96176,1.822664,2.117677,1.518612,1.278431,18.153846,2.11736,2.028677,1.633597,1.517348,1.713713,2.210218
SNP,*,*,PASS,*,QUAL,63.000000,0.965639,0.99368,0.183432,0.979459,3191551,3081885,109666,3795933,3080049,19589,696295,875,962,2.112061,1.527949,1.962804,1.828788,2.117649,1.518418,1.280502,18.103617,2.117338,2.028908,1.632428,1.517103,1.713744,2.205214
SNP,*,*,PASS,*,QUAL,64.000000,0.965552,0.993724,0.183026,0.979436,3191551,3081609,109942,3793447,3079700,19449,694298,875,956,2.112061,1.527949,1.964547,1.835591,2.117595,1.518201,1.278531,18.077679,2.117275,2.029249,1.63136,1.516832,1.714589,2.201128
SNP,*,*,PASS,*,QUAL,65.000000,0.965464,0.993765,0.182613,0.97941,3191551,3081328,110223,3790917,3079328,19319,692270,874,945,2.112061,1.527949,1.965833,1.842546,2.117559,1.51798,1.27798,18.082178,2.117239,2.029492,1.630267,1.516542,1.714861,2.196909
SNP,*,*,PASS,*,QUAL,66.000000,0.965365,0.993796,0.182206,0.979374,3191551,3081012,110539,3788453,3078953,19220,690280,873,938,2.112061,1.527949,1.967919,1.850672,2.117492,1.517722,1.277587,18.040715,2.117166,2.029631,1.629149,1.516256,1.714846,2.192307
SNP,*,*,PASS,*,QUAL,67.000000,0.96526,0.993833,0.181807,0.979338,3191551,3080675,110876,3785966,3078546,19103,688317,873,929,2.112061,1.527949,1.969155,1.859169,2.117461,1.517452,1.279657,17.999003,2.117142,2.029933,1.627976,1.515934,1.71528,2.187569
SNP,*,*,PASS,*,QUAL,68.000000,0.965169,0.993873,0.181415,0.97931,3191551,3080385,111166,3783516,3078152,18977,686387,873,924,2.112061,1.527949,1.971219,1.866453,2.117393,1.51722,1.278064,17.988967,2.117056,2.030132,1.626792,1.515622,1.715618,2.182631
SNP,*,*,PASS,*,QUAL,69.000000,0.965082,0.99391,0.181004,0.979284,3191551,3080110,111441,3781037,3077794,18860,684383,872,915,2.112061,1.527949,1.971553,1.873372,2.117394,1.517001,1.278669,17.965726,2.117028,2.030437,1.625609,1.515346,1.716114,2.1775
SNP,*,*,PASS,*,QUAL,70.000000,0.964976,0.993944,0.180604,0.979246,3191551,3079769,111782,3778548,3077379,18749,682420,870,911,2.112061,1.527949,1.972798,1.882043,2.117361,1.516725,1.280408,17.930162,2.116975,2.030671,1.62445,1.51502,1.716368,2.172832
SNP,*,*,PASS,*,QUAL,71.000000,0.964859,0.993981,0.180189,0.979204,3191551,3079396,112155,3775947,3076930,18631,680386,869,905,2.112061,1.527949,1.974885,1.89104,2.117296,1.516438,1.281873,17.887195,2.116925,2.030914,1.623178,1.514673,1.716628,2.16749
SNP,*,*,PASS,*,QUAL,72.000000,0.964751,0.994012,0.179784,0.979163,3191551,3079053,112498,3773430,3076497,18532,678401,867,901,2.112061,1.527949,1.976928,1.899734,2.11723,1.516161,1.281484,17.90184,2.116882,2.031173,1.621984,1.514339,1.71705,2.16249
SNP,*,*,PASS,*,QUAL,73.000000,0.964635,0.994046,0.179383,0.97912,3191551,3078681,112870,3770908,3076050,18423,676435,866,900,2.112061,1.527949,1.979702,1.90885,2.117137,1.51587,1.281547,17.867556,2.11678,2.031358,1.620836,1.513994,1.717327,2.157999
SNP,*,*,PASS,*,QUAL,74.000000,0.964521,0.994081,0.178978,0.979078,3191551,3078317,113234,3768355,3075592,18312,674451,865,894,2.112061,1.527949,1.980263,1.917807,2.117131,1.515584,1.280796,17.889349,2.116758,2.031616,1.619606,1.51364,1.717676,2.152884
SNP,*,*,PASS,*,QUAL,75.000000,0.964406,0.994117,0.178582,0.979036,3191551,3077950,113601,3765814,3075109,18198,672507,864,887,2.112061,1.527949,1.9809,1.92704,2.117122,1.515291,1.281371,17.908333,2.116733,2.031823,1.618342,1.513268,1.717767,2.147593
SNP,*,*,PASS,*,QUAL,76.000000,0.964278,0.994153,0.178194,0.978988,3191551,3077543,114008,3763281,3074605,18082,670594,863,882,2.112061,1.527949,1.983125,1.937252,2.117051,1.514965,1.281415,17.885864,2.116675,2.032035,1.617135,1.512873,1.718031,2.142911
SNP,*,*,PASS,*,QUAL,77.000000,0.964155,0.994187,0.177799,0.978941,3191551,3077151,114400,3760768,3074131,17975,668662,862,873,2.112061,1.527949,1.984713,1.9471,2.117005,1.514652,1.280866,17.872632,2.116623,2.032183,1.615957,1.512501,1.718011,2.138276
SNP,*,*,PASS,*,QUAL,78.000000,0.964019,0.994221,0.177399,0.978887,3191551,3076716,114835,3758151,3073591,17866,666694,862,868,2.112061,1.527949,1.985392,1.957623,2.116997,1.514315,1.282091,17.857143,2.116564,2.032384,1.614671,1.512085,1.718169,2.133104
SNP,*,*,PASS,*,QUAL,79.000000,0.963878,0.994253,0.176994,0.97883,3191551,3076267,115284,3755502,3073035,17764,664703,861,862,2.112061,1.527949,1.987356,1.968348,2.116936,1.51397,1.284394,17.828905,2.116504,2.032578,1.613382,1.511664,1.718264,2.127918
SNP,*,*,PASS,*,QUAL,80.000000,0.963733,0.994286,0.176617,0.978771,3191551,3075804,115747,3752950,3072458,17656,662836,859,859,2.112061,1.527949,1.988975,1.979838,2.116891,1.513603,1.285327,17.814103,2.11648,2.032763,1.612142,1.511211,1.718288,2.123264
SNP,*,*,PASS,*,QUAL,81.000000,0.963585,0.994325,0.176206,0.978714,3191551,3075332,116219,3750206,3071866,17531,660809,857,853,2.112061,1.527949,1.991584,1.991196,2.116804,1.513239,1.28512,17.720557,2.116371,2.032928,1.610782,1.510753,1.718477,2.117931
SNP,*,*,PASS,*,QUAL,82.000000,0.963433,0.994355,0.175819,0.97865,3191551,3074846,116705,3747611,3071273,17435,658903,855,851,2.112061,1.527949,1.993665,2.003372,2.116739,1.512851,1.286013,17.637728,2.116259,2.033119,1.609469,1.51028,1.718838,2.11283
SNP,*,*,PASS,*,QUAL,83.000000,0.963282,0.994387,0.175446,0.978587,3191551,3074363,117188,3745046,3070660,17334,657052,853,849,2.112061,1.527949,1.996089,2.015442,2.116659,1.512465,1.285357,17.609257,2.116202,2.033338,1.608214,1.509799,1.719215,2.10817
SNP,*,*,PASS,*,QUAL,84.000000,0.963111,0.994414,0.17505,0.978512,3191551,3073819,117732,3742362,3070014,17246,655102,853,847,2.112061,1.527949,1.997124,2.028716,2.116638,1.51204,1.285506,17.534483,2.116161,2.033567,1.606892,1.509297,1.719525,2.103164
SNP,*,*,PASS,*,QUAL,85.000000,0.962929,0.994452,0.174663,0.978436,3191551,3073237,118314,3739605,3069311,17125,653169,852,842,2.112061,1.527949,1.997821,2.04317,2.116633,1.511578,1.287657,17.503792,2.11614,2.03374,1.605491,1.50876,1.719403,2.097863
SNP,*,*,PASS,*,QUAL,86.000000,0.962751,0.994488,0.174274,0.978362,3191551,3072670,118881,3736867,3068619,17009,651239,852,833,2.112061,1.527949,1.999571,2.057285,2.116582,1.511127,1.288668,17.398048,2.116121,2.033913,1.604107,1.508215,1.719327,2.092779
SNP,*,*,PASS,*,QUAL,87.000000,0.962578,0.994511,0.173906,0.978284,3191551,3072117,119434,3734300,3067950,16933,649417,852,830,2.112061,1.527949,2.001633,2.070799,2.116518,1.510693,1.288296,17.315618,2.116021,2.034091,1.602823,1.507699,1.719705,2.087984
SNP,*,*,PASS,*,QUAL,88.000000,0.962383,0.994538,0.173513,0.978197,3191551,3071496,120055,3731533,3067220,16844,647469,852,820,2.112061,1.527949,2.006034,2.086108,2.116357,1.510203,1.286469,17.278564,2.115824,2.034198,1.601478,1.507126,1.720093,2.083214
SNP,*,*,PASS,*,QUAL,89.000000,0.962199,0.994565,0.173123,0.978114,3191551,3070906,120645,3728785,3066491,16756,645538,852,815,2.112061,1.527949,2.007952,2.100267,2.116298,1.509746,1.286629,17.221374,2.115751,2.034337,1.600105,1.506569,1.720117,2.078104
SNP,*,*,PASS,*,QUAL,90.000000,0.962013,0.994594,0.172726,0.978032,3191551,3070312,121239,3726012,3065770,16663,643579,851,812,2.112061,1.527949,2.010079,2.114974,2.116229,1.509275,1.287221,17.180525,2.115629,2.034416,1.598721,1.506006,1.72,2.072959
SNP,*,*,PASS,*,QUAL,91.000000,0.96181,0.994623,0.172348,0.977942,3191551,3069667,121884,3723278,3065008,16569,641701,849,807,2.112061,1.527949,2.012108,2.130932,2.116166,1.508763,1.287013,17.137212,2.115523,2.034625,1.597404,1.505401,1.720505,2.068585
SNP,*,*,PASS,*,QUAL,92.000000,0.961601,0.994653,0.171962,0.977848,3191551,3068999,122552,3720455,3064205,16473,639777,848,802,2.112061,1.527949,2.014189,2.147073,2.116101,1.508243,1.289558,17.111356,2.115473,2.034803,1.595971,1.504779,1.720537,2.063419
SNP,*,*,PASS,*,QUAL,93.000000,0.961395,0.99468,0.171585,0.977754,3191551,3068340,123211,3717669,3063388,16385,637896,848,799,2.112061,1.527949,2.015466,2.163457,2.116069,1.507718,1.290197,17.03532,2.115434,2.034984,1.594562,1.504139,1.720647,2.058519
SNP,*,*,PASS,*,QUAL,94.000000,0.961161,0.994711,0.1712,0.977648,3191551,3067594,123957,3714756,3062507,16284,635965,848,797,2.112061,1.527949,2.018872,2.181741,2.115947,1.50713,1.290345,16.942541,2.115302,2.035185,1.593102,1.503458,1.721178,2.0536
SNP,*,*,PASS,*,QUAL,95.000000,0.960936,0.99474,0.170824,0.977546,3191551,3066876,124675,3711939,3061659,16191,634089,847,796,2.112061,1.527949,2.021494,2.199353,2.115857,1.506563,1.292738,16.918979,2.115228,2.035311,1.591594,1.50279,1.721087,2.048051
SNP,*,*,PASS,*,QUAL,96.000000,0.960695,0.994764,0.170455,0.977432,3191551,3066106,125445,3709085,3060742,16111,632232,847,794,2.112061,1.527949,2.024031,2.218182,2.115771,1.505957,1.292447,16.869855,2.115139,2.035564,1.59011,1.502077,1.721784,2.042944
SNP,*,*,PASS,*,QUAL,97.000000,0.96046,0.994786,0.170081,0.977322,3191551,3065358,126193,3706218,3059823,16039,630356,847,791,2.112061,1.527949,2.026667,2.236545,2.115679,1.505366,1.292314,16.809577,2.115056,2.035713,1.58863,1.501362,1.721964,2.037858
SNP,*,*,PASS,*,QUAL,98.000000,0.960217,0.994812,0.169702,0.977208,3191551,3064580,126971,3703311,3058897,15953,628461,847,790,2.112061,1.527949,2.02862,2.254833,2.115617,1.504771,1.292144,16.733556,2.114982,2.035858,1.587139,1.500648,1.722064,2.032755
SNP,*,*,PASS,*,QUAL,99.000000,0.959981,0.994837,0.169339,0.977098,3191551,3063827,127724,3700479,3057974,15871,626634,845,790,2.112061,1.527949,2.030797,2.273359,2.115543,1.504175,1.290569,16.700224,2.114885,2.036012,1.585681,1.49992,1.722381,2.027919
SNP,*,*,PASS,*,QUAL,100.000000,0.959722,0.994861,0.168967,0.976976,3191551,3063002,128549,3697547,3056992,15791,624764,845,787,2.112061,1.527949,2.033195,2.29346,2.11546,1.503525,1.294246,16.710911,2.11479,2.036182,1.58414,1.499151,1.722567,2.022667
SNP,*,*,PASS,*,QUAL,101.000000,0.959457,0.994886,0.168598,0.97685,3191551,3062155,129396,3694555,3055955,15707,622893,845,784,2.112061,1.527949,2.035394,2.313925,2.115385,1.502863,1.294709,16.636261,2.114733,2.036367,1.582567,1.498334,1.722798,2.017567
SNP,*,*,PASS,*,QUAL,102.000000,0.959188,0.994916,0.168224,0.976725,3191551,3061296,130255,3691570,3054950,15610,621010,845,778,2.112061,1.527949,2.037399,2.333965,2.115319,1.502208,1.295628,16.666288,2.114683,2.036585,1.581056,1.497553,1.723117,2.012703
SNP,*,*,PASS,*,QUAL,103.000000,0.958892,0.99494,0.167844,0.976584,3191551,3060354,131197,3688472,3053853,15531,619088,843,775,2.112061,1.527949,2.04128,2.356242,2.115168,1.501481,1.295488,16.61661,2.11454,2.036719,1.579473,1.496701,1.723443,2.007738
SNP,*,*,PASS,*,QUAL,104.000000,0.958599,0.994962,0.16748,0.976442,3191551,3059418,132133,3685436,3052742,15458,617236,842,773,2.112061,1.527949,2.045399,2.379387,2.115005,1.500735,1.296917,16.553531,2.114411,2.036846,1.577855,1.495823,1.723666,2.002597
SNP,*,*,PASS,*,QUAL,105.000000,0.958306,0.994984,0.167114,0.9763,3191551,3058481,133070,3682413,3051648,15384,615381,841,771,2.112061,1.527949,2.04698,2.402112,2.114955,1.499998,1.2965,16.509132,2.114343,2.037036,1.576253,1.494966,1.724018,1.997419
SNP,*,*,PASS,*,QUAL,106.000000,0.958019,0.995008,0.166751,0.976163,3191551,3057568,133983,3679339,3050499,15305,613535,841,765,2.112061,1.527949,2.050076,2.424222,2.114834,1.49928,1.296707,16.45881,2.114216,2.037124,1.574595,1.494063,1.724082,1.99211
SNP,*,*,PASS,*,QUAL,107.000000,0.957705,0.995032,0.166382,0.976011,3191551,3056563,134988,3676152,3049282,15225,611645,840,763,2.112061,1.527949,2.053422,2.448425,2.114702,1.498493,1.298148,16.447126,2.11407,2.037237,1.572922,1.493112,1.724282,1.987026
SNP,*,*,PASS,*,QUAL,108.000000,0.957372,0.995052,0.166023,0.975848,3191551,3055503,136048,3673024,3048058,15158,609808,840,759,2.112061,1.527949,2.057274,2.474089,2.114546,1.497659,1.293239,16.390104,2.113876,2.037191,1.571308,1.492154,1.724164,1.982392
SNP,*,*,PASS,*,QUAL,109.000000,0.957024,0.995073,0.165666,0.975677,3191551,3054391,137160,3669765,3046722,15087,607956,839,757,2.112061,1.527949,2.06053,2.500702,2.114415,1.496791,1.293948,16.348328,2.113745,2.037346,1.569579,1.491112,1.724581,1.977408
SNP,*,*,PASS,*,QUAL,110.000000,0.956678,0.995096,0.165295,0.975509,3191551,3053286,138265,3666470,3045413,15008,606049,839,753,2.112061,1.527949,2.062092,2.528035,2.114362,1.495907,1.293445,16.257209,2.113667,2.03746,1.567834,1.490084,1.724597,1.97232
SNP,*,*,PASS,*,QUAL,111.000000,0.956317,0.995121,0.164939,0.975333,3191551,3052135,139416,3663172,3044048,14924,604200,839,750,2.112061,1.527949,2.06763,2.555595,2.114121,1.495007,1.293928,16.160323,2.113448,2.037472,1.566096,1.489019,1.724645,1.967503
SNP,*,*,PASS,*,QUAL,112.000000,0.955941,0.995145,0.164579,0.975149,3191551,3050936,140615,3659798,3042626,14845,602327,837,742,2.112061,1.527949,2.071216,2.584717,2.113969,1.494059,1.293066,16.108671,2.113278,2.037492,1.564275,1.487907,1.724595,1.96231
SNP,*,*,PASS,*,QUAL,113.000000,0.95557,0.995169,0.164221,0.974968,3191551,3049751,141800,3656413,3041190,14762,600461,836,739,2.112061,1.527949,2.07247,2.613391,2.113926,1.493124,1.294419,16.091754,2.113208,2.037674,1.562461,1.486784,1.724871,1.957216
SNP,*,*,PASS,*,QUAL,114.000000,0.9552,0.995192,0.163857,0.974786,3191551,3048569,142982,3653066,3039800,14687,598579,835,735,2.112061,1.527949,2.077233,2.642495,2.113713,1.49218,1.295961,16.024419,2.113016,2.037711,1.560666,1.485684,1.724899,1.95213
SNP,*,*,PASS,*,QUAL,115.000000,0.954782,0.995215,0.163511,0.974579,3191551,3047237,144314,3649565,3038213,14609,596743,834,733,2.112061,1.527949,2.08112,2.674323,2.113541,1.491137,1.297569,15.974359,2.112818,2.037702,1.558795,1.484449,1.72477,1.947311
SNP,*,*,PASS,*,QUAL,116.000000,0.954359,0.995237,0.163144,0.974369,3191551,3045885,145666,3645937,3036590,14533,594814,833,732,2.112061,1.527949,2.08463,2.70677,2.113385,1.490074,1.295934,15.904317,2.112649,2.037695,1.556797,1.483185,1.724599,1.941741
SNP,*,*,PASS,*,QUAL,117.000000,0.953942,0.995261,0.16279,0.974163,3191551,3044553,146998,3642423,3035021,14452,592950,831,728,2.112061,1.527949,2.087621,2.738674,2.11325,1.489028,1.29656,15.809802,2.112491,2.037853,1.554872,1.481961,1.725143,1.936463
SNP,*,*,PASS,*,QUAL,118.000000,0.953481,0.995278,0.162429,0.973931,3191551,3043083,148468,3638751,3033322,14392,591037,831,725,2.112061,1.527949,2.088033,2.773693,2.113242,1.487876,1.297246,15.759346,2.112476,2.038029,1.552889,1.480633,1.725231,1.931336
SNP,*,*,PASS,*,QUAL,119.000000,0.953017,0.9953,0.162065,0.9737,3191551,3041603,149948,3635086,3031648,14316,589122,829,723,2.112061,1.527949,2.092403,2.80933,2.113036,1.486708,1.299792,15.709602,2.11225,2.038119,1.550873,1.479312,1.725632,1.925965
SNP,*,*,PASS,*,QUAL,120.000000,0.952543,0.995323,0.161709,0.973463,3191551,3040088,151463,3631277,3029829,14237,587211,828,720,2.112061,1.527949,2.094123,2.84514,2.11296,1.485524,1.302258,15.636577,2.112146,2.038268,1.548782,1.477887,1.725866,1.920725
SNP,*,*,PASS,*,QUAL,121.000000,0.952066,0.995342,0.161354,0.973223,3191551,3038567,152984,3627475,3027999,14170,585306,826,720,2.112061,1.527949,2.0975,2.880188,2.112797,1.484354,1.304461,15.55803,2.111957,2.038243,1.546692,1.476467,1.725594,1.915392
SNP,*,*,PASS,*,QUAL,122.000000,0.951572,0.995361,0.160978,0.972974,3191551,3036991,154560,3623597,3026172,14104,583321,825,717,2.112061,1.527949,2.101071,2.91808,2.112622,1.483108,1.302557,15.520564,2.111796,2.038226,1.544561,1.475034,1.725356,1.909824
SNP,*,*,PASS,*,QUAL,123.000000,0.951054,0.995378,0.16061,0.972711,3191551,3035337,156214,3619613,3024224,14042,581347,825,715,2.112061,1.527949,2.104009,2.957934,2.112476,1.481797,1.300703,15.447709,2.111597,2.03825,1.54233,1.473496,1.725485,1.904174
SNP,*,*,PASS,*,QUAL,124.000000,0.950558,0.9954,0.160233,0.972462,3191551,3033754,157797,3615700,3022381,13966,579353,824,715,2.112061,1.527949,2.106555,2.995998,2.112347,1.480544,1.30166,15.396938,2.111469,2.038363,1.540133,1.472043,1.725647,1.898271
SNP,*,*,PASS,*,QUAL,125.000000,0.950043,0.995421,0.159877,0.972203,3191551,3032111,159440,3611748,3020420,13893,577435,823,714,2.112061,1.527949,2.109172,3.035874,2.112213,1.479234,1.300413,15.349469,2.11128,2.038461,1.537947,1.470494,1.726104,1.893037
SNP,*,*,PASS,*,QUAL,126.000000,0.949473,0.995436,0.159533,0.971911,3191551,3030292,161259,3607719,3018330,13839,575550,822,712,2.112061,1.527949,2.110374,3.079782,2.11215,1.477788,1.300613,15.32426,2.111165,2.038535,1.535708,1.468848,1.726154,1.887915
SNP,*,*,PASS,*,QUAL,127.000000,0.948923,0.995455,0.159168,0.971633,3191551,3028537,163014,3603610,3016260,13770,573580,821,710,2.112061,1.527949,2.112507,3.121245,2.112037,1.476411,1.301767,15.261848,2.111089,2.038746,1.533415,1.467233,1.726637,1.882282
SNP,*,*,PASS,*,QUAL,128.000000,0.948346,0.995471,0.15881,0.971337,3191551,3026695,164856,3599417,3014078,13714,571625,821,706,2.112061,1.527949,2.114906,3.164557,2.111906,1.474967,1.305113,15.233967,2.11092,2.038812,1.531018,1.465517,1.726728,1.876404
SNP,*,*,PASS,*,QUAL,129.000000,0.94775,0.995487,0.15846,0.971032,3191551,3024793,166758,3595224,3011873,13653,569698,819,705,2.112061,1.527949,2.118416,3.209022,2.111711,1.473479,1.302607,15.238663,2.110689,2.038791,1.528626,1.463795,1.72683,1.870578
SNP,*,*,PASS,*,QUAL,130.000000,0.947155,0.995504,0.15811,0.970728,3191551,3022895,168656,3591061,3009685,13594,567782,818,702,2.112061,1.527949,2.121186,3.25302,2.111553,1.472001,1.304142,15.208134,2.110465,2.038917,1.526304,1.462074,1.727523,1.865318
SNP,*,*,PASS,*,QUAL,131.000000,0.946527,0.995517,0.157769,0.970404,3191551,3020889,170662,3586800,3007370,13543,565887,817,701,2.112061,1.527949,2.123797,3.300819,2.1114,1.470412,1.305263,15.205282,2.110332,2.038998,1.523866,1.460258,1.727661,1.859699
SNP,*,*,PASS,*,QUAL,132.000000,0.945931,0.995535,0.157416,0.970099,3191551,3018986,172565,3582561,3005129,13479,563953,814,699,2.112061,1.527949,2.128224,3.344076,2.111142,1.468942,1.308113,15.167268,2.110071,2.038959,1.52149,1.458533,1.727613,1.854046
SNP,*,*,PASS,*,QUAL,133.000000,0.945284,0.995549,0.157046,0.969766,3191551,3016923,174628,3578073,3002726,13424,561923,812,695,2.112061,1.527949,2.131504,3.392257,2.110943,1.467323,1.307785,15.15942,2.109796,2.038956,1.518956,1.456663,1.727891,1.84812
SNP,*,*,PASS,*,QUAL,134.000000,0.944616,0.995566,0.15669,0.969422,3191551,3014789,176762,3573517,3000221,13361,559935,809,690,2.112061,1.527949,2.136103,3.441049,2.110662,1.465665,1.306077,15.141818,2.109517,2.038924,1.516387,1.454724,1.728106,1.842394
SNP,*,*,PASS,*,QUAL,135.000000,0.943925,0.995584,0.156341,0.969066,3191551,3012584,178967,3568916,2997650,13297,557969,808,688,2.112061,1.527949,2.139337,3.493045,2.110455,1.463923,1.304581,15.103281,2.109235,2.038934,1.513764,1.452714,1.728554,1.836724
SNP,*,*,PASS,*,QUAL,136.000000,0.94323,0.9956,0.155981,0.968708,3191551,3010366,181185,3564265,2995070,13236,555959,805,683,2.112061,1.527949,2.143777,3.544148,2.110172,1.462189,1.306396,15.06821,2.108903,2.038902,1.511113,1.450719,1.728875,1.830722
SNP,*,*,PASS,*,QUAL,137.000000,0.942529,0.995616,0.155617,0.968345,3191551,3008130,183421,3559576,2992468,13178,553930,804,682,2.112061,1.527949,2.144615,3.596341,2.110097,1.460428,1.307545,15.03663,2.108811,2.039056,1.50837,1.448682,1.729172,1.824267
SNP,*,*,PASS,*,QUAL,138.000000,0.94177,0.995632,0.15527,0.967952,3191551,3005706,185845,3554760,2989697,13117,551946,802,680,2.112061,1.527949,2.148479,3.651821,2.109837,1.458536,1.308583,14.981663,2.108511,2.038989,1.505534,1.446524,1.729235,1.81788
SNP,*,*,PASS,*,QUAL,139.000000,0.941021,0.99565,0.154942,0.967565,3191551,3003317,188234,3549954,2986868,13049,550037,800,678,2.112061,1.527949,2.152633,3.707058,2.109553,1.456659,1.308398,14.99631,2.108178,2.03896,1.5027,1.444294,1.729697,1.811952
SNP,*,*,PASS,*,QUAL,140.000000,0.940227,0.995665,0.154609,0.967152,3191551,3000781,190770,3544970,2983894,12993,548083,798,677,2.112061,1.527949,2.154182,3.765358,2.109421,1.45467,1.307474,14.947044,2.108042,2.039056,1.499746,1.441965,1.73003,1.805749
SNP,*,*,PASS,*,QUAL,141.000000,0.939423,0.99568,0.154273,0.966734,3191551,2998217,193334,3540000,2980940,12934,546126,798,673,2.112061,1.527949,2.15902,3.825316,2.109081,1.45264,1.307241,14.874384,2.107629,2.038921,1.496813,1.439634,1.730287,1.799752
SNP,*,*,PASS,*,QUAL,142.000000,0.938608,0.995698,0.153937,0.96631,3191551,2995614,195937,3534975,2977945,12866,544164,797,672,2.112061,1.527949,2.158698,3.888218,2.109058,1.450545,1.307046,14.849197,2.10763,2.039145,1.493774,1.437229,1.730665,1.793425
SNP,*,*,PASS,*,QUAL,143.000000,0.93778,0.995716,0.153575,0.96588,3191551,2992974,198577,3529809,2974919,12799,542091,795,670,2.112061,1.527949,2.162073,3.951248,2.108799,1.44843,1.306614,14.785891,2.107359,2.039104,1.490718,1.434812,1.730754,1.787132
SNP,*,*,PASS,*,QUAL,144.000000,0.936953,0.995734,0.153227,0.965449,3191551,2990332,201219,3524660,2971853,12733,540074,794,667,2.112061,1.527949,2.164237,4.012282,2.108612,1.446346,1.308443,14.723668,2.107101,2.039105,1.487696,1.432382,1.73097,1.781151
SNP,*,*,PASS,*,QUAL,145.000000,0.936082,0.99575,0.152876,0.964995,3191551,2987555,203996,3519286,2968599,12671,538016,791,667,2.112061,1.527949,2.166511,4.076634,2.108411,1.44415,1.308503,14.685714,2.106953,2.039218,1.484534,1.429815,1.731372,1.774976
SNP,*,*,PASS,*,QUAL,146.000000,0.935169,0.995765,0.152539,0.964516,3191551,2984639,206912,3513818,2965213,12611,535994,789,665,2.112061,1.527949,2.169237,4.145113,2.108174,1.441828,1.30935,14.669576,2.10667,2.039164,1.481262,1.427125,1.731474,1.768703
SNP,*,*,PASS,*,QUAL,147.000000,0.93422,0.995778,0.152198,0.964018,3191551,2981611,209940,3508242,2961738,12556,533948,788,664,2.112061,1.527949,2.172149,4.214298,2.107916,1.439445,1.310699,14.620474,2.106403,2.039133,1.477895,1.424379,1.731622,1.76206
SNP,*,*,PASS,*,QUAL,148.000000,0.933285,0.99579,0.151839,0.963525,3191551,2978628,212923,3502615,2958275,12508,531832,788,663,2.112061,1.527949,2.176108,4.283041,2.107581,1.437084,1.312074,14.560549,2.105997,2.038958,1.474532,1.421643,1.731566,1.755388
SNP,*,*,PASS,*,QUAL,149.000000,0.932293,0.995802,0.151517,0.963002,3191551,2975460,216091,3496887,2954594,12455,529838,784,660,2.112061,1.527949,2.178447,4.356339,2.107348,1.434571,1.312535,14.533166,2.105736,2.038854,1.471068,1.418743,1.731375,1.748971
SNP,*,*,PASS,*,QUAL,150.000000,0.931288,0.995824,0.151175,0.962475,3191551,2972254,219297,3491004,2950875,12375,527754,781,656,2.112061,1.527949,2.181063,4.42987,2.107088,1.432036,1.311848,14.433041,2.105422,2.038795,1.46755,1.415801,1.731605,1.742634
SNP,*,*,PASS,*,QUAL,151.000000,0.930276,0.995836,0.150854,0.961941,3191551,2969024,222527,3485143,2947073,12322,525748,779,654,2.112061,1.527949,2.183187,4.501137,2.106858,1.429519,1.311448,14.385965,2.105134,2.038737,1.464087,1.412843,1.731802,1.736626
SNP,*,*,PASS,*,QUAL,152.000000,0.929241,0.99585,0.150504,0.961393,3191551,2965721,225830,3479151,2943259,12266,523626,779,652,2.112061,1.527949,2.185206,4.577035,2.106629,1.426898,1.310481,14.354271,2.104816,2.038633,1.460402,1.409824,1.731842,1.72931
SNP,*,*,PASS,*,QUAL,153.000000,0.928123,0.995863,0.150186,0.9608,3191551,2962153,229398,3472925,2939131,12211,521583,775,651,2.112061,1.527949,2.189229,4.658591,2.106241,1.424071,1.314496,14.304403,2.104525,2.038614,1.456593,1.406552,1.732125,1.722716
SNP,*,*,PASS,*,QUAL,154.000000,0.926973,0.995878,0.149877,0.960191,3191551,2958483,233068,3466646,2934926,12148,519572,775,647,2.112061,1.527949,2.188956,4.743321,2.106161,1.421148,1.31616,14.263556,2.104319,2.038593,1.452755,1.403202,1.732123,1.71645
SNP,*,*,PASS,*,QUAL,155.000000,0.925866,0.995896,0.149551,0.959605,3191551,2954947,236604,3460427,2930840,12078,517509,774,646,2.112061,1.527949,2.193395,4.824007,2.105728,1.418343,1.317834,14.194444,2.103859,2.038403,1.448964,1.399977,1.732266,1.709755
SNP,*,*,PASS,*,QUAL,156.000000,0.924716,0.995909,0.149212,0.958993,3191551,2951278,240273,3454096,2926682,12023,515391,773,644,2.112061,1.527949,2.195686,4.907325,2.105445,1.415435,1.316174,14.163291,2.103558,2.038349,1.445127,1.396695,1.732556,1.703012
SNP,*,*,PASS,*,QUAL,157.000000,0.923521,0.995924,0.148899,0.958357,3191551,2947463,244088,3447656,2922343,11960,513353,769,641,2.112061,1.527949,2.199014,4.992487,2.105072,1.412426,1.316979,14.19898,2.103189,2.038201,1.441169,1.393272,1.732606,1.69621
SNP,*,*,PASS,*,QUAL,158.000000,0.922301,0.995938,0.148579,0.957706,3191551,2943571,247980,3441011,2917847,11901,511263,766,636,2.112061,1.527949,2.201642,5.080732,2.104743,1.409337,1.319922,14.220796,2.102839,2.038107,1.437096,1.389704,1.732784,1.689506
SNP,*,*,PASS,*,QUAL,159.000000,0.921091,0.99595,0.148252,0.957059,3191551,2939710,251841,3434435,2913425,11847,509163,765,634,2.112061,1.527949,2.204993,5.16574,2.10435,1.406302,1.323426,14.170951,2.102413,2.037934,1.433083,1.386231,1.732856,1.682653
SNP,*,*,PASS,*,QUAL,160.000000,0.91984,0.995961,0.147925,0.956388,3191551,2935717,255834,3427666,2908832,11796,507038,763,630,2.112061,1.527949,2.206193,5.255392,2.104119,1.403137,1.322992,14.182171,2.102203,2.037998,1.428928,1.382593,1.73339,1.67575
SNP,*,*,PASS,*,QUAL,161.000000,0.918542,0.995972,0.147598,0.955691,3191551,2931574,259977,3420679,2904049,11744,504886,762,627,2.112061,1.527949,2.209156,5.346305,2.103734,1.399876,1.321443,14.135834,2.101776,2.037908,1.424589,1.378821,1.734085,1.668336
SNP,*,*,PASS,*,QUAL,162.000000,0.917236,0.995988,0.147274,0.954991,3191551,2927404,264147,3413663,2899238,11680,502745,759,625,2.112061,1.527949,2.210732,5.43706,2.103456,1.3966,1.324866,14.131339,2.101474,2.037894,1.420291,1.375037,1.734474,1.661359
SNP,*,*,PASS,*,QUAL,163.000000,0.915873,0.995999,0.146952,0.954257,3191551,2923054,268497,3406449,2894241,11625,500583,757,621,2.112061,1.527949,2.212109,5.533866,2.103183,1.393151,1.325489,14.079427,2.10115,2.037857,1.415888,1.371097,1.734947,1.654628
SNP,*,*,PASS,*,QUAL,164.000000,0.914488,0.996017,0.146642,0.953513,3191551,2918634,272917,3399257,2889230,11553,498474,756,619,2.112061,1.527949,2.213964,5.6321,2.102862,1.389644,1.330652,14.024804,2.100721,2.037697,1.411418,1.367102,1.735069,1.647795
SNP,*,*,PASS,*,QUAL,165.000000,0.913103,0.99603,0.146346,0.952765,3191551,2914215,277336,3392067,2884153,11497,496417,754,617,2.112061,1.527949,2.214171,5.729029,2.102681,1.38615,1.331312,13.972549,2.100495,2.037655,1.406972,1.363107,1.735143,1.641032
SNP,*,*,PASS,*,QUAL,166.000000,0.911654,0.996039,0.146036,0.95198,3191551,2909589,281962,3384606,2878882,11449,494275,752,612,2.112061,1.527949,2.215147,5.830531,2.102422,1.382487,1.336046,13.986859,2.100223,2.037695,1.402343,1.358945,1.73572,1.633912
SNP,*,*,PASS,*,QUAL,167.000000,0.910147,0.996051,0.145747,0.951163,3191551,2904779,286772,3376972,2873396,11391,492185,751,610,2.112061,1.527949,2.217035,5.935565,2.102069,1.378682,1.338997,13.949934,2.099881,2.037602,1.397546,1.354609,1.735978,1.626703
SNP,*,*,PASS,*,QUAL,168.000000,0.908665,0.996065,0.145444,0.95036,3191551,2900052,291499,3369403,2868012,11330,490061,747,606,2.112061,1.527949,2.217083,6.038371,2.101884,1.374941,1.342333,13.889182,2.099657,2.037613,1.392829,1.350357,1.736227,1.619595
SNP,*,*,PASS,*,QUAL,169.000000,0.907082,0.996076,0.145155,0.949498,3191551,2894998,296553,3361528,2862309,11276,487943,745,602,2.112061,1.527949,2.218783,6.148971,2.101528,1.370931,1.344735,13.837517,2.099272,2.037467,1.38791,1.345833,1.736414,1.612717
SNP,*,*,PASS,*,QUAL,170.000000,0.905494,0.996091,0.144838,0.948634,3191551,2889930,301621,3353489,2856565,11211,485713,740,601,2.112061,1.527949,2.222181,6.258255,2.101001,1.366921,1.343405,13.751651,2.098803,2.037163,1.382933,1.341295,1.736137,1.605584
SNP,*,*,PASS,*,QUAL,171.000000,0.903849,0.996106,0.14452,0.947737,3191551,2884679,306872,3345298,2850689,11145,483464,739,598,2.112061,1.527949,2.223252,6.371451,2.100683,1.362764,1.342833,13.742364,2.098385,2.036945,1.37782,1.336632,1.736085,1.598188
SNP,*,*,PASS,*,QUAL,172.000000,0.902173,0.996114,0.144241,0.946819,3191551,2879331,312220,3337136,2844687,11098,481351,735,594,2.112061,1.527949,2.223847,6.48772,2.100405,1.358513,1.345765,13.738667,2.098047,2.036771,1.372704,1.331871,1.73592,1.591285
SNP,*,*,PASS,*,QUAL,173.000000,0.90048,0.996125,0.14395,0.945891,3191551,2873927,317624,3328850,2838621,11042,479187,732,589,2.112061,1.527949,2.225371,6.603424,2.100026,1.354233,1.346325,13.683578,2.097656,2.036663,1.367497,1.327079,1.73641,1.583967
SNP,*,*,PASS,*,QUAL,174.000000,0.898778,0.996138,0.143678,0.944957,3191551,2868496,323055,3320529,2832463,10980,477086,729,583,2.112061,1.527949,2.22572,6.71818,2.099762,1.34994,1.344116,13.659517,2.097382,2.03661,1.362276,1.322198,1.73679,1.577137
SNP,*,*,PASS,*,QUAL,175.000000,0.897043,0.996148,0.143388,0.944001,3191551,2862957,328594,3312035,2826201,10928,474906,726,581,2.112061,1.527949,2.225756,6.839613,2.099524,1.345514,1.349046,13.648721,2.097174,2.036622,1.35683,1.317201,1.73699,1.569254
SNP,*,*,PASS,*,QUAL,176.000000,0.895218,0.996157,0.143114,0.942994,3191551,2857135,334416,3303306,2819678,10879,472749,725,579,2.112061,1.527949,2.225938,6.960885,2.099257,1.340921,1.354185,13.582773,2.096938,2.036638,1.351353,1.312067,1.737373,1.562105
SNP,*,*,PASS,*,QUAL,177.000000,0.893391,0.996169,0.142809,0.941985,3191551,2851302,340249,3294400,2813110,10819,470471,724,576,2.112061,1.527949,2.226228,7.081235,2.098976,1.336326,1.351896,13.521563,2.096595,2.036558,1.345731,1.306887,1.737863,1.554187
SNP,*,*,PASS,*,QUAL,178.000000,0.891469,0.996181,0.142527,0.94092,3191551,2845168,346383,3285307,2806304,10759,468244,720,572,2.112061,1.527949,2.226558,7.212719,2.098676,1.331437,1.353172,13.53867,2.096212,2.036345,1.339919,1.301476,1.737728,1.546275
SNP,*,*,PASS,*,QUAL,179.000000,0.889595,0.996195,0.142231,0.939882,3191551,2839187,352364,3276255,2799578,10692,465985,717,567,2.112061,1.527949,2.228085,7.342892,2.098242,1.326646,1.352928,13.467391,2.095735,2.036046,1.334125,1.296096,1.73755,1.538403
SNP,*,*,PASS,*,QUAL,180.000000,0.887671,0.996205,0.141952,0.938811,3191551,2833047,358504,3267105,2792695,10639,463771,715,564,2.112061,1.527949,2.228552,7.473785,2.097918,1.321752,1.353175,13.434605,2.095439,2.035872,1.328308,1.290614,1.737278,1.530951
SNP,*,*,PASS,*,QUAL,181.000000,0.88567,0.99621,0.141691,0.937694,3191551,2826662,364889,3257640,2785464,10597,461579,713,563,2.112061,1.527949,2.228351,7.608461,2.097659,1.316669,1.357428,13.416667,2.095195,2.035819,1.322204,1.284858,1.737387,1.523007
SNP,*,*,PASS,*,QUAL,182.000000,0.883648,0.996217,0.141412,0.936562,3191551,2820208,371343,3248096,2778227,10550,459319,711,562,2.112061,1.527949,2.230397,7.74423,2.097124,1.311529,1.359037,13.372093,2.094591,2.0354,1.316054,1.279086,1.737137,1.514868
SNP,*,*,PASS,*,QUAL,183.000000,0.881627,0.996224,0.141128,0.935429,3191551,2813758,377793,3238517,2770971,10502,457044,709,562,2.112061,1.527949,2.230581,7.879002,2.096808,1.306395,1.35991,13.385144,2.094206,2.035295,1.309936,1.273326,1.737669,1.506873
SNP,*,*,PASS,*,QUAL,184.000000,0.879559,0.996233,0.140843,0.934267,3191551,2807157,384394,3228751,2763555,10450,454746,706,562,2.112061,1.527949,2.232798,8.012732,2.096228,1.301174,1.359361,13.313618,2.093511,2.034886,1.303713,1.267452,1.737959,1.498918
SNP,*,*,PASS,*,QUAL,185.000000,0.87744,0.996236,0.140585,0.933072,3191551,2800393,391158,3218959,2756009,10413,452537,704,560,2.112061,1.527949,2.233359,8.151357,2.095841,1.295804,1.356869,13.282369,2.093002,2.034615,1.297432,1.26146,1.738309,1.491188
SNP,*,*,PASS,*,QUAL,186.000000,0.875262,0.996249,0.140328,0.931845,3191551,2793444,398107,3208947,2748293,10348,450306,703,555,2.112061,1.527949,2.233923,8.293312,2.09544,1.290283,1.361383,13.271468,2.092633,2.034331,1.291042,1.255327,1.737659,1.483709
SNP,*,*,PASS,*,QUAL,187.000000,0.873127,0.996261,0.140038,0.930638,3191551,2786628,404923,3198793,2740556,10285,447952,698,552,2.112061,1.527949,2.234629,8.433471,2.095022,1.284855,1.362637,13.263231,2.092174,2.034033,1.284498,1.24916,1.737382,1.47523
SNP,*,*,PASS,*,QUAL,188.000000,0.870891,0.996271,0.139791,0.929372,3191551,2779493,412058,3188554,2732597,10227,445730,693,546,2.112061,1.527949,2.237105,8.580311,2.094343,1.279165,1.364516,13.222067,2.091465,2.033587,1.277883,1.242818,1.737538,1.467361
SNP,*,*,PASS,*,QUAL,189.000000,0.868622,0.996282,0.139521,0.928082,3191551,2772250,419301,3178030,2724459,10168,443403,692,544,2.112061,1.527949,2.238467,8.725407,2.093798,1.273417,1.366736,13.179272,2.09092,2.033415,1.271136,1.236349,1.738449,1.459359
SNP,*,*,PASS,*,QUAL,190.000000,0.866283,0.996291,0.139265,0.92675,3191551,2764787,426764,3167376,2716159,10111,441106,688,541,2.112061,1.527949,2.239669,8.871955,2.093256,1.26751,1.36669,13.139045,2.090432,2.033151,1.26423,1.229739,1.73865,1.451036
SNP,*,*,PASS,*,QUAL,191.000000,0.863971,0.996298,0.138992,0.925428,3191551,2757409,434142,3156658,2707846,10062,438750,685,538,2.112061,1.527949,2.240459,9.014164,2.092769,1.261685,1.365745,13.090014,2.0899,2.032723,1.257372,1.223166,1.73811,1.442815
SNP,*,*,PASS,*,QUAL,192.000000,0.861654,0.996302,0.138744,0.924099,3191551,2750013,441538,3146093,2699570,10020,436503,680,535,2.112061,1.527949,2.240072,9.162458,2.092447,1.255794,1.367554,13.070522,2.089476,2.032476,1.250543,1.216579,1.738093,1.43485
SNP,*,*,PASS,*,QUAL,193.000000,0.85918,0.996313,0.138488,0.922679,3191551,2742117,449434,3134975,2690863,9957,434155,677,528,2.112061,1.527949,2.241038,9.315949,2.091897,1.249535,1.371144,13.060993,2.08887,2.032029,1.243412,1.209657,1.737679,1.426939
SNP,*,*,PASS,*,QUAL,194.000000,0.856754,0.996324,0.138223,0.921283,3191551,2734373,457178,3123830,2682148,9897,431785,676,526,2.112061,1.527949,2.240449,9.462729,2.091584,1.243418,1.375778,12.991489,2.088546,2.031791,1.236265,1.202765,1.73705,1.418624
SNP,*,*,PASS,*,QUAL,195.000000,0.854306,0.996334,0.137937,0.91987,3191551,2726561,464990,3112696,2673502,9838,429356,672,522,2.112061,1.527949,2.239616,9.61233,2.091306,1.237228,1.377472,12.941761,2.088272,2.032025,1.229187,1.195901,1.738963,1.410653
SNP,*,*,PASS,*,QUAL,196.000000,0.851729,0.996348,0.13758,0.91838,3191551,2718335,473216,3100828,2664449,9767,426612,667,520,2.112061,1.527949,2.238589,9.763782,2.091037,1.230816,1.380024,12.907407,2.088006,2.03251,1.221935,1.188845,1.742024,1.402649
SNP,*,*,PASS,*,QUAL,197.000000,0.848913,0.996351,0.137305,0.916742,3191551,2709349,482202,3088399,2654624,9723,424052,665,515,2.112061,1.527949,2.233178,9.917999,2.091432,1.224124,1.379589,12.850427,2.088714,2.033676,1.214488,1.181591,1.744793,1.394399
SNP,*,*,PASS,*,QUAL,198.000000,0.846301,0.996355,0.137079,0.915218,3191551,2701012,490539,3076880,2645425,9678,421777,661,510,2.112061,1.527949,2.232203,10.081064,2.091176,1.21747,1.380226,12.845494,2.088554,2.033637,1.206987,1.174259,1.744813,1.386253
SNP,*,*,PASS,*,QUAL,199.000000,0.843608,0.99636,0.136856,0.913643,3191551,2692419,499132,3065107,2635997,9631,419479,657,506,2.112061,1.527949,2.231874,10.24262,2.090802,1.210649,1.382142,12.817791,2.088089,2.033236,1.199339,1.166769,1.74415,1.378061
SNP,*,*,PASS,*,QUAL,200.000000,0.840954,0.996369,0.136609,0.912088,3191551,2683947,507604,3053266,2626591,9572,417103,656,500,2.112061,1.527949,2.229889,10.401799,2.09072,1.203916,1.385248,12.792507,2.087927,2.033185,1.191618,1.159268,1.743966,1.369427
SNP,*,*,PASS,*,QUAL,201.000000,0.838233,0.996378,0.136394,0.910489,3191551,2675262,516289,3041347,2617011,9514,414822,653,498,2.112061,1.527949,2.228455,10.555755,2.090541,1.197073,1.389252,12.728716,2.087532,2.033005,1.183916,1.151709,1.744215,1.361352
SNP,*,*,PASS,*,QUAL,202.000000,0.83551,0.996387,0.136158,0.908884,3191551,2666573,524978,3029346,2607419,9456,412471,651,495,2.112061,1.527949,2.227735,10.714768,2.090241,1.190181,1.392107,12.684515,2.087186,2.032928,1.176108,1.144107,1.744829,1.352729
SNP,*,*,PASS,*,QUAL,203.000000,0.832698,0.996395,0.135895,0.907221,3191551,2657597,533954,3016954,2597567,9398,409989,647,492,2.112061,1.527949,2.228259,10.876762,2.0897,1.18307,1.394395,12.62029,2.08648,2.03258,1.168104,1.136286,1.745578,1.344128
SNP,*,*,PASS,*,QUAL,204.000000,0.829914,0.996405,0.135675,0.905571,3191551,2648714,542837,3004775,2587767,9336,407672,642,492,2.112061,1.527949,2.228636,11.037319,2.089184,1.176021,1.398151,12.58952,2.085846,2.032222,1.160209,1.128534,1.74595,1.335868
SNP,*,*,PASS,*,QUAL,205.000000,0.827016,0.996412,0.13545,0.903846,3191551,2639464,552087,2992249,2577668,9282,405299,635,485,2.112061,1.527949,2.228404,11.204223,2.088762,1.168674,1.40031,12.609971,2.085393,2.032036,1.152023,1.12051,1.746517,1.327098
SNP,*,*,PASS,*,QUAL,206.000000,0.824104,0.996421,0.13524,0.902108,3191551,2630170,561381,2979636,2567448,9221,402967,629,482,2.112061,1.527949,2.228647,11.366413,2.088242,1.161318,1.402553,12.560294,2.084736,2.03155,1.143787,1.112412,1.746316,1.318522
SNP,*,*,PASS,*,QUAL,207.000000,0.821235,0.996423,0.135019,0.900386,3191551,2621012,570539,2967290,2557466,9182,400642,625,477,2.112061,1.527949,2.227658,11.521389,2.08797,1.154095,1.403665,12.562777,2.08442,2.031505,1.135765,1.104524,1.747115,1.310062
SNP,*,*,PASS,*,QUAL,208.000000,0.818263,0.996428,0.134802,0.898599,3191551,2611527,580024,2954417,2547026,9130,398261,621,473,2.112061,1.527949,2.228471,11.682668,2.087319,1.146598,1.402632,12.545994,2.083701,2.030973,1.127392,1.096275,1.747044,1.301402
SNP,*,*,PASS,*,QUAL,209.000000,0.815256,0.996435,0.134593,0.896786,3191551,2601930,589621,2941520,2536538,9074,395908,614,471,2.112061,1.527949,2.228853,11.847981,2.086742,1.13899,1.407535,12.502976,2.083036,2.030456,1.118971,1.087969,1.746627,1.292774
SNP,*,*,PASS,*,QUAL,210.000000,0.812213,0.996441,0.134371,0.894944,3191551,2592220,599331,2928475,2525950,9023,393502,611,471,2.112061,1.527949,2.228027,12.013237,2.086408,1.131294,1.40421,12.427083,2.082781,2.030332,1.110488,1.079568,1.746749,1.28437
SNP,*,*,PASS,*,QUAL,211.000000,0.809118,0.996449,0.134165,0.893066,3191551,2582342,609209,2915337,2515237,8964,391136,606,465,2.112061,1.527949,2.227596,12.17749,2.085983,1.123481,1.407089,12.399103,2.082257,2.030019,1.101929,1.071088,1.746934,1.275886
SNP,*,*,PASS,*,QUAL,212.000000,0.806012,0.996454,0.133969,0.891172,3191551,2572427,619124,2902133,2504424,8912,388797,603,463,2.112061,1.527949,2.226906,12.334433,2.085613,1.115675,1.413214,12.401504,2.081881,2.029799,1.093347,1.062578,1.746867,1.267376
SNP,*,*,PASS,*,QUAL,213.000000,0.802874,0.996462,0.133792,0.889254,3191551,2562412,629139,2888873,2493512,8853,386508,600,460,2.112061,1.527949,2.226259,12.506361,2.08523,1.1077,1.415553,12.373112,2.081503,2.029512,1.08461,1.053894,1.746548,1.258867
SNP,*,*,PASS,*,QUAL,214.000000,0.799651,0.996468,0.133581,0.887276,3191551,2552127,639424,2875268,2482389,8798,384081,597,458,2.112061,1.527949,2.226708,12.665419,2.084584,1.099604,1.422357,12.310136,2.080738,2.029007,1.075703,1.045113,1.746673,1.249692
SNP,*,*,PASS,*,QUAL,215.000000,0.796415,0.99647,0.133409,0.885281,3191551,2541800,649751,2861763,2471222,8755,381786,588,457,2.112061,1.527949,2.226604,12.828611,2.084057,1.091444,1.419845,12.285281,2.080155,2.028602,1.066913,1.036302,1.746859,1.24162
SNP,*,*,PASS,*,QUAL,216.000000,0.79316,0.996475,0.133226,0.883269,3191551,2531412,660139,2848086,2459947,8701,379438,582,454,2.112061,1.527949,2.227126,12.990051,2.083373,1.083239,1.423677,12.26372,2.079553,2.028327,1.058049,1.027411,1.747726,1.233604
SNP,*,*,PASS,*,QUAL,217.000000,0.789892,0.996481,0.133041,0.881241,3191551,2520981,670570,2834328,2448598,8648,377082,578,453,2.112061,1.527949,2.227322,13.142878,2.082758,1.075045,1.424446,12.223242,2.078788,2.027687,1.049033,1.018462,1.74727,1.224719
SNP,*,*,PASS,*,QUAL,218.000000,0.786621,0.996482,0.13287,0.879202,3191551,2510542,681009,2820735,2437341,8604,374790,576,451,2.112061,1.527949,2.227478,13.304068,2.082145,1.066785,1.423662,12.155963,2.078115,2.027199,1.040083,1.009571,1.747365,1.215903
SNP,*,*,PASS,*,QUAL,219.000000,0.783248,0.996486,0.132682,0.877092,3191551,2499776,691775,2806760,2425798,8555,372407,568,447,2.112061,1.527949,2.227308,13.464964,2.08159,1.058289,1.423513,12.08104,2.07747,2.026593,1.030997,1.000462,1.746526,1.207654
SNP,*,*,PASS,*,QUAL,220.000000,0.779917,0.996537,0.132264,0.87502,3191551,2489145,702406,2791953,2414288,8390,369275,470,435,2.112061,1.527949,2.227852,13.619495,2.080856,1.049911,1.415779,11.927581,2.076706,2.02626,1.021262,0.991378,1.747513,1.194507
SNP,*,*,PASS,*,QUAL,221.000000,0.776408,0.996625,0.13114,0.872841,3191551,2477947,713604,2774157,2402221,8134,363802,350,412,2.112061,1.527949,2.22695,13.789023,2.080459,1.041035,1.415083,11.552469,2.076099,2.026645,1.009328,0.981808,1.750255,1.167353
SNP,*,*,PASS,*,QUAL,222.000000,0.770269,0.99685,0.128276,0.869034,3191551,2458354,733197,2740099,2381087,7523,351489,257,374,2.112061,1.527949,2.230986,14.127891,2.07825,1.025257,1.413539,10.627512,2.07355,2.026508,0.985668,0.964776,1.755761,1.099652
SNP,*,*,PASS,*,QUAL,223.000000,0.401941,0.999469,0.12117,0.573319,3191551,1282814,1908737,1379434,1211644,644,167146,160,182,2.112061,1.527949,2.121514,38.173654,2.098096,0.057064,1.018809,0.020602,2.094763,2.054695,0.000133,2e-06,1.797657,0.001012
SNP,*,*,PASS,*,QUAL,224.000000,0.401859,0.999479,0.12084,0.573238,3191551,1282555,1908996,1378599,1211377,632,166590,151,182,2.112061,1.527949,2.121582,37.986843,2.097992,0.05706,1.03871,0.006369,2.094637,2.054817,6.3e-05,2e-06,1.79828,0.000486
SNP,*,*,PASS,*,QUAL,225.000000,0.401776,0.999485,0.120527,0.573154,3191551,1282290,1909261,1377803,1211116,624,166063,146,181,2.112061,1.527949,2.121703,37.803595,2.097811,0.057048,1.025974,0.0,2.094458,2.054824,1.9e-05,0.0,1.798736,0.000157
SNP,*,*,PASS,*,QUAL,226.000000,0.401672,0.999492,0.120216,0.57305,3191551,1281958,1909593,1376947,1210801,615,165531,144,177,2.112061,1.527949,2.121788,37.582831,2.09768,0.057028,1.029703,0.0,2.094346,2.054877,1e-06,0.0,1.798985,1.2e-05
SNP,*,*,PASS,*,QUAL,227.000000,0.401583,0.999496,0.119909,0.572959,3191551,1281673,1909878,1376136,1210515,610,165011,141,175,2.112061,1.527949,2.121794,37.396875,2.097665,0.057009,1.040134,0.0,2.094348,2.055124,1e-06,0.0,1.799912,6e-06
SNP,*,*,PASS,*,QUAL,228.000000,0.401493,0.999503,0.119593,0.572869,3191551,1281385,1910166,1375294,1210217,602,164475,136,172,2.112061,1.527949,2.12193,37.197567,2.097461,0.057004,1.047619,0.0,2.094163,2.055055,0.0,0.0,1.799717,0.0
